uuid,lga,start_date,end_date,event_area_km2,intersect_area_km2
8485c8a68ebd426ebfa140edd9b10461,Bakassi,2013-09-04,2013-09-05,817.2934551977261,2.422167
732b15470cf741758a39c27d9f92a9bc,Bakassi,2014-07-10,2014-07-10,376.97554042458614,1.744057
39d460918e22499b8da76c7f712dee95,Biase,2012-08-08,2012-08-09,0.12366731636598761,0.122984
0e64d8cbbb824752b550604b649fe392,Biase,2012-09-14,2012-09-15,1322.2664356821438,1270.042684
af17f04055264ba5adb382e28dc9fe57,Biase,2012-09-14,2012-09-15,273.8175101974692,0.839477
d0442d3a471c48f59b6f4398d42d0961,Biase,2012-09-18,2012-09-18,273.8175101974692,0.839477
2160135a93c44da6b71b08f440489fe6,Biase,2012-09-18,2012-09-18,1322.2664356821438,1270.042684
063c70a48aae420a8f7415aa6dc56fa5,Biase,2012-09-26,2012-09-26,235.38778918428045,0.20981
172cca47e7944dcd81e83e2c9c06ae0c,Biase,2012-10-01,2012-10-01,0.12366731636598761,0.122984
5136b5935831466eb4548c5e965b22d4,Biase,2012-10-28,2012-10-28,1322.2664356821438,1270.042684
90bef012f20a49dcaf9f904d7782407e,Biase,2015-10-08,2015-10-08,1322.2664356821438,1270.042684
37075af998594139a07e8486fb81c87e,Biase,2016-07-15,2016-07-17,235.38778918428045,0.20981
9dd22fec7ecd42e6ba20ba3d060af723,Biase,2016-10-16,2016-10-16,1322.2664356821438,1270.042684
388ca5cc45164822944aa458ff8fe4bc,Biase,2017-09-04,2017-09-04,273.8175101974692,0.839477
a2d52aae4a194d8f92d30a683d36c446,Biase,2017-09-04,2017-09-04,1322.2664356821438,1270.042684
eabece6f0364475eae3515b19841a4f9,Biase,2017-10-09,2017-10-09,235.38778918428045,0.20981
fe67efac428d4ea6b11e38e3aa23c6e8,Biase,2018-06-02,2018-06-02,235.38778918428045,0.20981
2fbe9eede8fa493aa0e72ab206be02ef,Biase,2018-07-28,2018-07-28,235.38778918428045,0.20981
8823d31f182844d0932c874fab68cb41,Biase,2018-08-23,2018-08-24,235.38778918428045,0.20981
487d6962cc424435a391b199a6441e5d,Biase,2018-09-03,2018-09-03,235.38778918428045,0.20981
ab55e254190a4fcd98c1bb0bc756700b,Biase,2018-09-05,2018-09-05,235.38778918428045,0.20981
720fb3292db44ddbb94ddb8382e0d247,Biase,2018-09-18,2018-09-18,1322.2664356821438,1270.042684
8986bd23e99840cd8b226077235754f6,Biase,2019-07-03,2019-07-04,1322.2664356821438,1270.042684
e8f3de2ec24243e38e11baff7ea1260c,Biase,2020-07-04,2020-07-05,235.38778918428045,0.20981
8f08aca366c64911ad3dccf94b0d36b6,Biase,2022-07-10,2022-07-10,379.79147537216613,1.2693
032d9ffd25464e90bdcfda1fc83ec133,Biase,2022-07-23,2022-07-24,4792.952249668736,3.008065
58b0a2c23c7d410998fc42cd87634708,Biase,2022-07-23,2022-07-23,379.79147537216613,1.2693
9fc8b08c83394865a51f9f3e621beda7,Biase,2022-10-24,2022-10-24,4792.952249668736,3.008065
41dbe76984fc4152a777f72f9e5fd437,Biase,2023-09-23,2023-09-24,1.3437100045832355,1.336737
54becf6a1d044b0c949a802c04527e7f,Biase,2024-07-02,2024-07-02,4792.952249668736,3.008065
d8cb6a96bed54ad48aa2c5cd255d9ac8,Biase,2024-12-11,2024-12-11,1322.2664356821438,1270.042684
462364cdd36f462f955fc50cd5567071,Biase,2025-08-01,2025-08-01,4792.952249668736,3.008065
39ef4d009d624a868b867417179b7ac8,Biase,2025-08-03,2025-08-03,379.79147537216613,1.2693
d919e85773a445b2b8167f4e88a64f09,Biase,2025-08-03,2025-08-03,1322.2664356821438,1270.042684
db4d120a5f2f449285d6140c28783bdd,Biase,2025-08-13,2025-08-19,235.38778918428045,0.20981
b2efe3f9e5ce4c64aeb2962ac398669e,Biase,2025-08-20,2025-08-22,4792.952249668736,3.008065
0f16ebf8e0404aa1a444a7f7ac3fd18f,Biase,2025-09-20,2025-09-20,4792.952249668736,3.008065
44a9f27749f64318aa095b743038f855,Calabar Municipal,2007-06-16,2007-06-16,0.1709274772043558,0.169816
617ef2362f4143f49682785e6714b66d,Calabar Municipal,2007-06-16,2007-06-16,0.029749758416117558,0.029553
812617ad5b004e008eeb1cadfa814b1b,Calabar Municipal,2007-06-16,2007-06-16,0.020399761654951765,0.020265
9138d7d150dd4d9d8aac97003ba98b09,Calabar Municipal,2007-06-16,2007-06-16,1.331298879988356,1.32244
b895ba49da0946218e6b737eecf81400,Calabar Municipal,2007-06-16,2007-06-16,75.28807810813156,55.608947
0abf9ac903fc454d9edeea7df8dfa4b4,Calabar Municipal,2007-06-23,2007-06-23,0.029749758416117558,0.029553
7eb0fc2b22284d82a97ba5c081fa44a1,Calabar Municipal,2007-06-23,2007-06-23,0.1709274772043558,0.169816
dd6a50f0eb96477dbd0b45eb5a2a4fca,Calabar Municipal,2007-06-23,2007-06-23,75.28807810813156,55.608947
d28e34052c014af5aa6792947ef3372e,Calabar Municipal,2007-06-23,2007-06-23,0.09187037578375322,0.021806
658d1d2b85204cd08a997cfe1a0e8803,Calabar Municipal,2007-06-23,2007-06-23,0.020399761654951765,0.020265
65a465568b7747878116964a6799b426,Calabar Municipal,2007-06-23,2007-06-23,0.16177629960661438,0.14602
6327ec99ee104bf29f54bb69c7d9a442,Calabar Municipal,2007-06-23,2007-06-23,1.331298879988356,1.32244
b165629dcb814664951c4aa14b2d5bd5,Calabar Municipal,2007-06-27,2007-06-27,0.1709274772043558,0.169816
d3258e1c8e3547c999f5999a72604ea9,Calabar Municipal,2007-06-27,2007-06-27,75.28807810813156,55.608947
52bde5393053433abc4a2b2723cd7be8,Calabar Municipal,2007-06-27,2007-06-27,0.020399761654951765,0.020265
5828dd0669864533bb24274ae60bd01b,Calabar Municipal,2007-06-27,2007-06-27,1.331298879988356,1.32244
65ca8127db164bd3ab8e6468112cc426,Calabar Municipal,2007-06-27,2007-06-27,0.029749758416117558,0.029553
b5cd6156c0834527bef8862e27426c16,Calabar Municipal,2008-05-28,2008-05-29,75.28807810813156,55.608947
81488035c57444548530e6007f897828,Calabar Municipal,2008-05-28,2008-05-29,0.030924321910188853,0.030716
2ca348b8ccb84dc3a7e931ce20fb0bb4,Calabar Municipal,2010-09-27,2010-09-27,0.7183694445482393,0.713618
94099368b2344437aff6c6bf9fdb667d,Calabar Municipal,2010-09-27,2010-09-27,0.32458327369882223,0.101723
8d37a0d43f014dbbbedd8059730e8259,Calabar Municipal,2010-09-27,2010-09-27,0.07288681840422856,0.072406
7d35fdaa3ebf446bbeb4954e441e3a33,Calabar Municipal,2010-09-27,2010-09-27,1.0948580004767214,1.087594
632d84db26614f77b713115d64d7377d,Calabar Municipal,2011-07-14,2011-07-17,75.28807810813156,55.608947
cd01cd15db07474d9de1363609757b1d,Calabar Municipal,2011-10-23,2011-10-23,0.016617020391483057,0.016506
c7d4854fe42c43e8b08b675502ca2d83,Calabar Municipal,2011-11-05,2011-11-05,0.07403810242662394,1.3e-05
2b336efe890d4815b695b082c8d6cdbf,Calabar Municipal,2011-11-05,2011-11-06,0.713554870146272,0.708777
1b3feeb552df478e8c5ff5f33510a417,Calabar Municipal,2011-11-05,2011-11-06,0.7183694445482393,0.713618
d0f8b48dcea842a6afd32e29525a51e5,Calabar Municipal,2011-11-05,2011-11-06,0.47414110023680606,0.002425
661563a8a54b49eeb706fefbff5729a5,Calabar Municipal,2011-11-05,2011-11-06,0.01707501398307207,0.016962
4b885a4181254151a368960b37029373,Calabar Municipal,2011-11-05,2011-11-06,75.28807810813156,55.608947
f37e0adf34984dc5bcba855fc503283b,Calabar Municipal,2011-11-12,2011-11-12,0.713554870146272,0.708777
88eea315dea64273b1f01912263667a9,Calabar Municipal,2011-11-12,2011-11-12,0.47414110023680606,0.002425
7ceae9f353b74b3f984468ded26db635,Calabar Municipal,2011-11-12,2011-11-12,0.7183694445482393,0.713618
05446873f0314a35b9ea57d1eaaeb58b,Calabar Municipal,2011-11-12,2011-11-12,179.9324155787119,0.14756
2ec9b440b88c449bbbbe1fb679ceab40,Calabar Municipal,2011-11-12,2011-11-12,134.3157624278938,125.456531
34e176016e844f709cd72bb49e268f50,Calabar Municipal,2011-11-12,2011-11-12,75.28807810813156,55.608947
a204d0e4a89d43b995a8fb20f3b95346,Calabar Municipal,2011-11-12,2011-11-12,0.07403810242662394,1.3e-05
c8dbd42fd92441db940498f5224ff385,Calabar Municipal,2011-11-12,2011-11-12,0.01707501398307207,0.016962
01b559a375cb4934a3e1de7925e6f482,Calabar Municipal,2012-08-08,2012-08-08,75.28807810813156,55.608947
b84aac62557d49738c4a94b4b7474a29,Calabar Municipal,2012-08-25,2012-08-26,75.28807810813156,55.608947
2ed73d55c070403c921da4eefb85955a,Calabar Municipal,2012-09-14,2012-09-15,1.5079749736864299,1.491332
edf610eea93e4ce9ba743650ed546c5b,Calabar Municipal,2012-09-18,2012-09-18,1.5079749736864299,1.491332
75dcc303fec9460ea938937b277bca7e,Calabar Municipal,2012-10-01,2012-10-01,134.3157624278938,125.456531
517af45bb44840dca20b5776a4770a22,Calabar Municipal,2013-05-27,2013-05-27,75.28807810813156,55.608947
8485c8a68ebd426ebfa140edd9b10461,Calabar Municipal,2013-09-04,2013-09-05,817.2934551977261,2.550781
3d871337ed294e4c83cfe8bb0ea69838,Calabar Municipal,2013-09-04,2013-09-05,75.28807810813156,55.608947
2f16fbc0719a49709d9ee87070398ade,Calabar Municipal,2013-09-04,2013-09-06,0.030924321910188853,0.030716
b9cbfd48dbc74373bcd61bbd26901ba9,Calabar Municipal,2013-09-06,2013-09-06,0.004253276667468697,0.004224
5b9a53ebacf0452787f83a8312541515,Calabar Municipal,2013-09-10,2013-09-11,0.004253276667468697,0.004224
0ddb6ee0332c49b48a943ce9374ac428,Calabar Municipal,2013-09-10,2013-09-11,0.030924321910188853,0.030716
97b7ff6b31ad4cc6ae2b1a53598cd622,Calabar Municipal,2013-12-06,2013-12-06,0.005167006728665152,0.005133
827a6d84aa084f34820bf03342c6df47,Calabar Municipal,2013-12-06,2013-12-06,75.28807810813156,55.608947
cc2895d94d0e46319e2fcc55660351b2,Calabar Municipal,2014-04-28,2014-04-29,179.9324155787119,0.14756
e6c0898c7b0e4165bddf8304cf6e3d79,Calabar Municipal,2014-04-28,2014-04-29,75.28807810813156,55.608947
c789a1e6f3994045b0ee8817cd900610,Calabar Municipal,2015-08-08,2015-08-09,1.331298879988356,1.32244
2f7cb8edf3884bcc989bba51a2057777,Calabar Municipal,2015-08-08,2015-08-09,0.030924321910188853,0.030716
34e47aff695b49f38bf6d84170547a2c,Calabar Municipal,2015-11-06,2015-11-06,75.28807810813156,55.608947
328ea67161a74067b65764df35c395b0,Calabar Municipal,2016-04-09,2016-04-10,75.28807810813156,55.608947
83cae51dad7443a18434d28c50acf45b,Calabar Municipal,2016-04-09,2016-04-10,0.32458327369882223,0.101723
5f2ac482a8c04d8d90f6955b004815f6,Calabar Municipal,2017-08-06,2017-08-07,75.28807810813156,55.608947
5fee7cf8c758461a91f207dc82365e38,Calabar Municipal,2017-08-06,2017-08-07,0.32458327369882223,0.101723
464be2c605ac4717a456e066d69a3856,Calabar Municipal,2017-08-06,2017-08-07,0.713554870146272,0.708777
1d2660d5bfa14e77b261b1d72b85f726,Calabar Municipal,2017-08-06,2017-08-07,0.47414110023680606,0.002425
75c7ebaec7064cfa98da983c87b36e7d,Calabar Municipal,2017-08-15,2017-08-15,0.932526134872972,0.92633
20ea4c93e491452690bb451da909a599,Calabar Municipal,2017-08-15,2017-08-15,0.32458327369882223,0.101723
d95fc53ce70c49ef81b52b4e97655b95,Calabar Municipal,2017-08-15,2017-08-15,75.28807810813156,55.608947
9744eeed86e948e7bdb31c8a74e2d9da,Calabar Municipal,2017-09-04,2017-09-04,0.32458327369882223,0.101723
30f6a735f2804e4984b747b5b2080578,Calabar Municipal,2017-09-04,2017-09-04,179.9324155787119,0.14756
09bd15ddc2804ae285bc5df153e78106,Calabar Municipal,2017-09-04,2017-09-04,1.5079749736864299,1.491332
61e710353f724cf299c6d68abfb92cee,Calabar Municipal,2017-11-08,2017-11-08,75.28807810813156,55.608947
ff8b8450c5964305a78e5383ea161676,Calabar Municipal,2017-11-08,2017-11-08,0.6577818061747692,0.653447
a3b6ffc04b4142bd8b949b13272e8a38,Calabar Municipal,2018-07-01,2018-07-01,0.47414110023680606,0.002425
a187dedc37e14a31b6acdc19847e60ee,Calabar Municipal,2018-07-01,2018-07-01,75.28807810813156,55.608947
4832e089439d44db9e03ca4fa890a0f3,Calabar Municipal,2018-07-01,2018-07-01,179.9324155787119,0.14756
e458311034ec48e7ac1183e8ddb9a25d,Calabar Municipal,2018-07-01,2018-07-01,0.07403810242662394,1.3e-05
3ca0fa4010454bbcb284562fbc868510,Calabar Municipal,2018-08-28,2018-08-28,75.28807810813156,55.608947
1ffa8db9c5c9429d832ea71c0a9bded5,Calabar Municipal,2018-09-07,2018-09-07,75.28807810813156,55.608947
d7dd9970e9974200add3ed61324fdbb9,Calabar Municipal,2018-09-13,2018-09-13,0.47414110023680606,0.002425
89ee45571a4f4a4185e6ef885fdc7e7b,Calabar Municipal,2018-09-13,2018-09-13,75.28807810813156,55.608947
61ec6d93482d4485a2631dca9c08bafa,Calabar Municipal,2018-09-13,2018-09-13,0.713554870146272,0.708777
42db3821872c439ba44e70a2af27c14e,Calabar Municipal,2018-09-13,2018-09-13,134.3157624278938,125.456531
9c96e3263b1a4133a7b8e9a269d77735,Calabar Municipal,2018-09-13,2018-09-13,179.9324155787119,0.14756
cad4be7bd88b49c2a825776e630c3130,Calabar Municipal,2018-09-13,2018-09-13,0.07403810242662394,1.3e-05
f52f22260aa6478880b377dea74f7a01,Calabar Municipal,2018-10-09,2018-10-10,0.47414110023680606,0.002425
1e1188f8a2c6466bb4ab06aad3f6e30f,Calabar Municipal,2018-10-10,2018-10-10,179.9324155787119,0.14756
41937d44ebec4cf19c6a749db118dd8f,Calabar Municipal,2019-05-21,2019-05-21,0.1709274772043558,0.169816
c4810a2ba244449da4991de0857954a3,Calabar Municipal,2019-05-21,2019-05-21,134.3157624278938,125.456531
a83793291b7e435ab5399630f723198e,Calabar Municipal,2019-06-05,2019-06-06,0.09187037578375322,0.021806
e8fe87f4f9b04364907fb5030583c6ec,Calabar Municipal,2019-06-05,2019-06-06,179.9324155787119,0.14756
9b56b1348c8b44fabbcb8727d222f61b,Calabar Municipal,2019-06-05,2019-06-06,0.07403810242662394,1.3e-05
8e502f23bc6a4934a7805d88a5289ffd,Calabar Municipal,2019-06-26,2019-06-26,0.021883004205190314,0.021736
84ed6d8814204567b9704e2e3f021b2a,Calabar Municipal,2019-06-26,2019-06-26,0.6577818061747692,0.653447
1049e3ea2e774da4a92e8e730d2146b8,Calabar Municipal,2019-06-26,2019-06-26,179.9324155787119,0.14756
b964acc181de4d25a6c17f6529e2dca3,Calabar Municipal,2019-06-26,2019-06-26,0.07403810242662394,1.3e-05
bf955a0ad92a40f49a31407aadea1def,Calabar Municipal,2019-06-26,2019-06-26,0.024527442420666002,0.024365
a11e7e405c964bfcb1a365c950f13b0f,Calabar Municipal,2019-07-03,2019-07-04,179.9324155787119,0.14756
a504654f1caf4769bf7e41d58e007ee0,Calabar Municipal,2019-07-03,2019-07-04,0.07403810242662394,1.3e-05
b83c747e25994b3596dc188f0dd899a1,Calabar Municipal,2019-07-03,2019-07-04,0.024527442420666002,0.024365
0b7557911ab14f6d9e26741527369333,Calabar Municipal,2019-07-03,2019-07-04,0.021883004205190314,0.021736
20baefaf20164359ae8235fee6255dee,Calabar Municipal,2019-07-03,2019-07-04,75.28807810813156,55.608947
2c098b423f354719b35349dd0338d203,Calabar Municipal,2019-07-03,2019-07-04,134.3157624278938,125.456531
2346466b9d3044ea858b75b3651b9590,Calabar Municipal,2019-07-03,2019-07-04,0.017638661590250695,0.017522
5725d186577b4ef98af39245f80a8fda,Calabar Municipal,2019-07-03,2019-07-04,1.5079749736864299,1.491332
64c2e995457a460d8d54a769242093a1,Calabar Municipal,2019-07-03,2019-07-04,1.331298879988356,1.32244
89a45067a6634879971448bad5534868,Calabar Municipal,2019-07-03,2019-07-04,0.6577818061747692,0.653447
7c967402430e44f5a28f43f87f070975,Calabar Municipal,2019-08-02,2019-08-02,179.9324155787119,0.14756
3c11dabb9ea348498938172d582d9bfa,Calabar Municipal,2019-09-10,2019-09-11,75.28807810813156,55.608947
eb7ef274715e4201a29ad96d0edc546a,Calabar Municipal,2019-09-10,2019-09-11,0.004253276667468697,0.004224
2d40a90396b4489390b5d6c384486487,Calabar Municipal,2019-10-11,2019-10-12,0.017638661590250695,0.017522
964789b1555843279226414f5dbe82e5,Calabar Municipal,2019-10-11,2019-10-12,75.28807810813156,55.608947
d7e40757d11e468ea2e4236b63cddd0b,Calabar Municipal,2019-10-11,2019-10-12,0.011021723425328414,0.010949
9fdad13a5571414185836d2613914d89,Calabar Municipal,2019-10-23,2019-10-24,0.004253276667468697,0.004224
596e3e0ca62a429da7a7ed73fe5be6c0,Calabar Municipal,2020-03-21,2020-03-22,0.030924321910188853,0.030716
ddf8e87945654a68a9b9f186e50974da,Calabar Municipal,2020-03-21,2020-03-22,75.28807810813156,55.608947
2430b5e2c7344ff8b1e27b84b7c73ba7,Calabar Municipal,2022-06-20,2022-06-20,179.9324155787119,0.14756
43e635411ded4fd9b7216fb89d6c58eb,Calabar Municipal,2022-06-22,2022-06-22,179.9324155787119,0.14756
f3c7d2dbdb11452295d20fa086aed2a9,Calabar Municipal,2022-08-13,2022-08-13,75.28807810813156,55.608947
d6b5aa0eee384f1b9a3311c4be0ab135,Calabar Municipal,2022-09-23,2022-09-23,0.47414110023680606,0.002425
ea96427da472483caa17af2b42748924,Calabar Municipal,2022-09-23,2022-09-23,0.09187037578375322,0.021806
1bd0a9f2200543b8b4c221da9fbb1d97,Calabar Municipal,2022-09-23,2022-09-23,0.32458327369882223,0.101723
29b1c80cf3f043c8afb4bf8a6a690926,Calabar Municipal,2022-09-23,2022-09-23,179.9324155787119,0.14756
8b650d72550f41e8a1003c6479449476,Calabar Municipal,2022-09-23,2022-09-23,75.28807810813156,55.608947
4d864b780cce4cde89bf3fc07cf4c8db,Calabar Municipal,2022-10-22,2022-10-23,75.28807810813156,55.608947
dc5d7f85de5541cf8c9e4c3b001d4872,Calabar Municipal,2022-10-22,2022-10-23,179.9324155787119,0.14756
5541a2472ec24815a0fba86a07596dfb,Calabar Municipal,2023-08-21,2023-08-21,75.28807810813156,55.608947
ef34805fbe8a46489e7e42244ecfc0ae,Calabar Municipal,2024-11-09,2024-11-10,0.013635150761777584,0.013545
5141fd32e3f04ef5bc268e5c7b7f12c2,Calabar Municipal,2025-04-18,2025-04-18,7.881065394267488,7.828606
1e5da05ebc4c421e805961f4ec67d0aa,Calabar Municipal,2025-04-18,2025-04-18,75.28807810813156,55.608947
06fbc22c54124c1b81d846cd20ca4373,Calabar Municipal,2025-05-08,2025-05-08,75.28807810813156,55.608947
189bc23e92384dc087f90d465c3da96c,Calabar Municipal,2025-08-05,2025-08-05,22.92324104111966,3.172716
3c1e8dd6c4fa4cf1aa7beb9b20417839,Calabar Municipal,2025-08-05,2025-08-05,1.5079749736864299,1.491332
e1da46092ed3420cb269cae73cb3a1d5,Calabar Municipal,2025-11-16,2025-11-16,134.3157624278938,125.456531
508d558627a24b13824c74860f2980c4,Calabar Municipal,2025-11-16,2025-11-16,75.28807810813156,55.608947
4425a114b91f45f3b9456344a014c489,Calabar Municipal,2025-11-23,2025-11-23,0.1709274772043558,0.169816
58753e581ca94f05bc9e33f65e02655b,Calabar Municipal,2025-12-10,2025-12-10,75.28807810813156,55.608947
0e64d8cbbb824752b550604b649fe392,Yakurr,2012-09-14,2012-09-15,1322.2664356821438,5.349164
af17f04055264ba5adb382e28dc9fe57,Yakurr,2012-09-14,2012-09-15,273.8175101974692,0.108117
d0442d3a471c48f59b6f4398d42d0961,Yakurr,2012-09-18,2012-09-18,273.8175101974692,0.108117
2160135a93c44da6b71b08f440489fe6,Yakurr,2012-09-18,2012-09-18,1322.2664356821438,5.349164
5136b5935831466eb4548c5e965b22d4,Yakurr,2012-10-28,2012-10-28,1322.2664356821438,5.349164
90bef012f20a49dcaf9f904d7782407e,Yakurr,2015-10-08,2015-10-08,1322.2664356821438,5.349164
9dd22fec7ecd42e6ba20ba3d060af723,Yakurr,2016-10-16,2016-10-16,1322.2664356821438,5.349164
388ca5cc45164822944aa458ff8fe4bc,Yakurr,2017-09-04,2017-09-04,273.8175101974692,0.108117
a2d52aae4a194d8f92d30a683d36c446,Yakurr,2017-09-04,2017-09-04,1322.2664356821438,5.349164
4df95ee24322436cb5a95fdd4a1c7127,Yakurr,2018-07-24,2018-07-26,0.633588653888756,0.630515
d16b81db994e4a2482b1b9046731c146,Yakurr,2018-09-15,2018-09-15,0.633588653888756,0.630515
24982083292c406cb7a712e954b22656,Yakurr,2018-09-18,2018-09-18,0.633588653888756,0.630515
720fb3292db44ddbb94ddb8382e0d247,Yakurr,2018-09-18,2018-09-18,1322.2664356821438,5.349164
2cd2421b04e843798763c184c852c125,Yakurr,2018-10-05,2018-10-05,0.633588653888756,0.630515
232209678f2d4ee29a7297d92837d7da,Yakurr,2019-06-26,2019-06-26,0.633588653888756,0.630515
8986bd23e99840cd8b226077235754f6,Yakurr,2019-07-03,2019-07-04,1322.2664356821438,5.349164
d8cb6a96bed54ad48aa2c5cd255d9ac8,Yakurr,2024-12-11,2024-12-11,1322.2664356821438,5.349164
d919e85773a445b2b8167f4e88a64f09,Yakurr,2025-08-03,2025-08-03,1322.2664356821438,5.349164
