state,year,epi_week,week_start_date,week_end_date,month,lga,flood_events_in_epi_week,flood_union_km2_in_epi_week,flood_events_trailing_4wk,flood_union_km2_trailing_4wk,flood_events_trailing_8wk,flood_union_km2_trailing_8wk,flood_events_trailing_12wk,flood_union_km2_trailing_12wk,flood_events_in_month,flood_union_km2_in_month,flood_events_cum_to_date,flood_union_km2_cum_to_date,state_suspected_cases_cum,state_deaths_cum,state_cfr_pct,state_cases_new_since_prev_obs,prev_epi_week,obs_gap_weeks,lga_cases_2021_pilot,dataset_layout,dataset_confidence,dataset_extraction_method,dataset_source_url,monotonic_ok
Cross River,2021,24,2021-06-14,2021-06-20,June,Bakassi,0,0.0,0,0.0,0,0.0,0,0.0,0,0.0,2,4.1662,31.0,0.0,0.0,,,,5,B,reassembled,text_cluster_plaintext,https://ncdc.gov.ng/themes/common/files/sitreps/8c04f2a073c67e11c08a4e2d37a3124b.pdf,True
Cross River,2021,24,2021-06-14,2021-06-20,June,Biase,0,0.0,0,0.0,0,0.0,0,0.0,0,0.0,22,1270.2504,31.0,0.0,0.0,,,,10,B,reassembled,text_cluster_plaintext,https://ncdc.gov.ng/themes/common/files/sitreps/8c04f2a073c67e11c08a4e2d37a3124b.pdf,True
Cross River,2021,24,2021-06-14,2021-06-20,June,Calabar Municipal,0,0.0,0,0.0,0,0.0,0,0.0,0,0.0,115,129.8064,31.0,0.0,0.0,,,,6,B,reassembled,text_cluster_plaintext,https://ncdc.gov.ng/themes/common/files/sitreps/8c04f2a073c67e11c08a4e2d37a3124b.pdf,True
Cross River,2021,24,2021-06-14,2021-06-20,June,Yakurr,0,0.0,0,0.0,0,0.0,0,0.0,0,0.0,16,6.0878,31.0,0.0,0.0,,,,53,B,reassembled,text_cluster_plaintext,https://ncdc.gov.ng/themes/common/files/sitreps/8c04f2a073c67e11c08a4e2d37a3124b.pdf,True
Cross River,2021,25,2021-06-21,2021-06-27,June,Bakassi,0,0.0,0,0.0,0,0.0,0,0.0,0,0.0,2,4.1662,31.0,0.0,0.0,0.0,24.0,1.0,5,A,high,text_cluster_plaintext,https://ncdc.gov.ng/themes/common/files/sitreps/1d3271f656ea9bd07f3c9885a0b5a26c.pdf,True
Cross River,2021,25,2021-06-21,2021-06-27,June,Biase,0,0.0,0,0.0,0,0.0,0,0.0,0,0.0,22,1270.2504,31.0,0.0,0.0,0.0,24.0,1.0,10,A,high,text_cluster_plaintext,https://ncdc.gov.ng/themes/common/files/sitreps/1d3271f656ea9bd07f3c9885a0b5a26c.pdf,True
Cross River,2021,25,2021-06-21,2021-06-27,June,Calabar Municipal,0,0.0,0,0.0,0,0.0,0,0.0,0,0.0,115,129.8064,31.0,0.0,0.0,0.0,24.0,1.0,6,A,high,text_cluster_plaintext,https://ncdc.gov.ng/themes/common/files/sitreps/1d3271f656ea9bd07f3c9885a0b5a26c.pdf,True
Cross River,2021,25,2021-06-21,2021-06-27,June,Yakurr,0,0.0,0,0.0,0,0.0,0,0.0,0,0.0,16,6.0878,31.0,0.0,0.0,0.0,24.0,1.0,53,A,high,text_cluster_plaintext,https://ncdc.gov.ng/themes/common/files/sitreps/1d3271f656ea9bd07f3c9885a0b5a26c.pdf,True
Cross River,2021,27,2021-07-05,2021-07-11,July,Bakassi,0,0.0,0,0.0,0,0.0,0,0.0,0,0.0,2,4.1662,31.0,0.0,0.0,0.0,25.0,2.0,5,A,high,text_cluster_plaintext,https://ncdc.gov.ng/themes/common/files/sitreps/33f6e05763910a9b3782c5f6455d0844.pdf,True
Cross River,2021,27,2021-07-05,2021-07-11,July,Biase,0,0.0,0,0.0,0,0.0,0,0.0,0,0.0,22,1270.2504,31.0,0.0,0.0,0.0,25.0,2.0,10,A,high,text_cluster_plaintext,https://ncdc.gov.ng/themes/common/files/sitreps/33f6e05763910a9b3782c5f6455d0844.pdf,True
Cross River,2021,27,2021-07-05,2021-07-11,July,Calabar Municipal,0,0.0,0,0.0,0,0.0,0,0.0,0,0.0,115,129.8064,31.0,0.0,0.0,0.0,25.0,2.0,6,A,high,text_cluster_plaintext,https://ncdc.gov.ng/themes/common/files/sitreps/33f6e05763910a9b3782c5f6455d0844.pdf,True
Cross River,2021,27,2021-07-05,2021-07-11,July,Yakurr,0,0.0,0,0.0,0,0.0,0,0.0,0,0.0,16,6.0878,31.0,0.0,0.0,0.0,25.0,2.0,53,A,high,text_cluster_plaintext,https://ncdc.gov.ng/themes/common/files/sitreps/33f6e05763910a9b3782c5f6455d0844.pdf,True
Cross River,2021,29,2021-07-19,2021-07-25,July,Bakassi,0,0.0,0,0.0,0,0.0,0,0.0,0,0.0,2,4.1662,31.0,0.0,0.0,0.0,27.0,2.0,5,A,high,text_cluster_plaintext,https://ncdc.gov.ng/themes/common/files/sitreps/a598a4cc115a8f7ce5befe4087f4330c.pdf,True
Cross River,2021,29,2021-07-19,2021-07-25,July,Biase,0,0.0,0,0.0,0,0.0,0,0.0,0,0.0,22,1270.2504,31.0,0.0,0.0,0.0,27.0,2.0,10,A,high,text_cluster_plaintext,https://ncdc.gov.ng/themes/common/files/sitreps/a598a4cc115a8f7ce5befe4087f4330c.pdf,True
Cross River,2021,29,2021-07-19,2021-07-25,July,Calabar Municipal,0,0.0,0,0.0,0,0.0,0,0.0,0,0.0,115,129.8064,31.0,0.0,0.0,0.0,27.0,2.0,6,A,high,text_cluster_plaintext,https://ncdc.gov.ng/themes/common/files/sitreps/a598a4cc115a8f7ce5befe4087f4330c.pdf,True
Cross River,2021,29,2021-07-19,2021-07-25,July,Yakurr,0,0.0,0,0.0,0,0.0,0,0.0,0,0.0,16,6.0878,31.0,0.0,0.0,0.0,27.0,2.0,53,A,high,text_cluster_plaintext,https://ncdc.gov.ng/themes/common/files/sitreps/a598a4cc115a8f7ce5befe4087f4330c.pdf,True
Cross River,2021,30,2021-07-26,2021-08-01,July,Bakassi,0,0.0,0,0.0,0,0.0,0,0.0,0,0.0,2,4.1662,31.0,0.0,0.0,0.0,29.0,1.0,5,A,high,text_cluster_plaintext,https://ncdc.gov.ng/themes/common/files/sitreps/8a9f2ce7de14b5b879eda514372113f4.pdf,True
Cross River,2021,30,2021-07-26,2021-08-01,July,Biase,0,0.0,0,0.0,0,0.0,0,0.0,0,0.0,22,1270.2504,31.0,0.0,0.0,0.0,29.0,1.0,10,A,high,text_cluster_plaintext,https://ncdc.gov.ng/themes/common/files/sitreps/8a9f2ce7de14b5b879eda514372113f4.pdf,True
Cross River,2021,30,2021-07-26,2021-08-01,July,Calabar Municipal,0,0.0,0,0.0,0,0.0,0,0.0,0,0.0,115,129.8064,31.0,0.0,0.0,0.0,29.0,1.0,6,A,high,text_cluster_plaintext,https://ncdc.gov.ng/themes/common/files/sitreps/8a9f2ce7de14b5b879eda514372113f4.pdf,True
Cross River,2021,30,2021-07-26,2021-08-01,July,Yakurr,0,0.0,0,0.0,0,0.0,0,0.0,0,0.0,16,6.0878,31.0,0.0,0.0,0.0,29.0,1.0,53,A,high,text_cluster_plaintext,https://ncdc.gov.ng/themes/common/files/sitreps/8a9f2ce7de14b5b879eda514372113f4.pdf,True
Cross River,2021,34,2021-08-23,2021-08-29,August,Bakassi,0,0.0,0,0.0,0,0.0,0,0.0,0,0.0,2,4.1662,64.0,1.0,1.6,33.0,30.0,4.0,5,B,high,text_cluster_plaintext,https://ncdc.gov.ng/themes/common/files/sitreps/2fa7f5799999a81a439b196483cb77c3.pdf,True
Cross River,2021,34,2021-08-23,2021-08-29,August,Biase,0,0.0,0,0.0,0,0.0,0,0.0,0,0.0,22,1270.2504,64.0,1.0,1.6,33.0,30.0,4.0,10,B,high,text_cluster_plaintext,https://ncdc.gov.ng/themes/common/files/sitreps/2fa7f5799999a81a439b196483cb77c3.pdf,True
Cross River,2021,34,2021-08-23,2021-08-29,August,Calabar Municipal,0,0.0,0,0.0,0,0.0,0,0.0,0,0.0,115,129.8064,64.0,1.0,1.6,33.0,30.0,4.0,6,B,high,text_cluster_plaintext,https://ncdc.gov.ng/themes/common/files/sitreps/2fa7f5799999a81a439b196483cb77c3.pdf,True
Cross River,2021,34,2021-08-23,2021-08-29,August,Yakurr,0,0.0,0,0.0,0,0.0,0,0.0,0,0.0,16,6.0878,64.0,1.0,1.6,33.0,30.0,4.0,53,B,high,text_cluster_plaintext,https://ncdc.gov.ng/themes/common/files/sitreps/2fa7f5799999a81a439b196483cb77c3.pdf,True
Cross River,2021,35,2021-08-30,2021-09-05,August,Bakassi,0,0.0,0,0.0,0,0.0,0,0.0,0,0.0,2,4.1662,64.0,1.0,1.6,0.0,34.0,1.0,5,B,high,text_cluster_ocr,https://ncdc.gov.ng/themes/common/files/sitreps/acef26fb390180b7519ebcce0fba8637.pdf,True
Cross River,2021,35,2021-08-30,2021-09-05,August,Biase,0,0.0,0,0.0,0,0.0,0,0.0,0,0.0,22,1270.2504,64.0,1.0,1.6,0.0,34.0,1.0,10,B,high,text_cluster_ocr,https://ncdc.gov.ng/themes/common/files/sitreps/acef26fb390180b7519ebcce0fba8637.pdf,True
Cross River,2021,35,2021-08-30,2021-09-05,August,Calabar Municipal,0,0.0,0,0.0,0,0.0,0,0.0,0,0.0,115,129.8064,64.0,1.0,1.6,0.0,34.0,1.0,6,B,high,text_cluster_ocr,https://ncdc.gov.ng/themes/common/files/sitreps/acef26fb390180b7519ebcce0fba8637.pdf,True
Cross River,2021,35,2021-08-30,2021-09-05,August,Yakurr,0,0.0,0,0.0,0,0.0,0,0.0,0,0.0,16,6.0878,64.0,1.0,1.6,0.0,34.0,1.0,53,B,high,text_cluster_ocr,https://ncdc.gov.ng/themes/common/files/sitreps/acef26fb390180b7519ebcce0fba8637.pdf,True
Cross River,2021,36,2021-09-06,2021-09-12,September,Bakassi,0,0.0,0,0.0,0,0.0,0,0.0,0,0.0,2,4.1662,64.0,1.0,1.6,0.0,35.0,1.0,5,B,high,text_cluster_ocr,https://ncdc.gov.ng/themes/common/files/sitreps/a6a4a8307c131dff6661db51de1b169a.pdf,True
Cross River,2021,36,2021-09-06,2021-09-12,September,Biase,0,0.0,0,0.0,0,0.0,0,0.0,0,0.0,22,1270.2504,64.0,1.0,1.6,0.0,35.0,1.0,10,B,high,text_cluster_ocr,https://ncdc.gov.ng/themes/common/files/sitreps/a6a4a8307c131dff6661db51de1b169a.pdf,True
Cross River,2021,36,2021-09-06,2021-09-12,September,Calabar Municipal,0,0.0,0,0.0,0,0.0,0,0.0,0,0.0,115,129.8064,64.0,1.0,1.6,0.0,35.0,1.0,6,B,high,text_cluster_ocr,https://ncdc.gov.ng/themes/common/files/sitreps/a6a4a8307c131dff6661db51de1b169a.pdf,True
Cross River,2021,36,2021-09-06,2021-09-12,September,Yakurr,0,0.0,0,0.0,0,0.0,0,0.0,0,0.0,16,6.0878,64.0,1.0,1.6,0.0,35.0,1.0,53,B,high,text_cluster_ocr,https://ncdc.gov.ng/themes/common/files/sitreps/a6a4a8307c131dff6661db51de1b169a.pdf,True
Cross River,2021,37,2021-09-13,2021-09-19,September,Bakassi,0,0.0,0,0.0,0,0.0,0,0.0,0,0.0,2,4.1662,64.0,1.0,1.6,0.0,36.0,1.0,5,B,high,text_cluster_ocr,https://ncdc.gov.ng/themes/common/files/sitreps/a708ecdfccdb7c7be5b6087dd5d29e6d.pdf,True
Cross River,2021,37,2021-09-13,2021-09-19,September,Biase,0,0.0,0,0.0,0,0.0,0,0.0,0,0.0,22,1270.2504,64.0,1.0,1.6,0.0,36.0,1.0,10,B,high,text_cluster_ocr,https://ncdc.gov.ng/themes/common/files/sitreps/a708ecdfccdb7c7be5b6087dd5d29e6d.pdf,True
Cross River,2021,37,2021-09-13,2021-09-19,September,Calabar Municipal,0,0.0,0,0.0,0,0.0,0,0.0,0,0.0,115,129.8064,64.0,1.0,1.6,0.0,36.0,1.0,6,B,high,text_cluster_ocr,https://ncdc.gov.ng/themes/common/files/sitreps/a708ecdfccdb7c7be5b6087dd5d29e6d.pdf,True
Cross River,2021,37,2021-09-13,2021-09-19,September,Yakurr,0,0.0,0,0.0,0,0.0,0,0.0,0,0.0,16,6.0878,64.0,1.0,1.6,0.0,36.0,1.0,53,B,high,text_cluster_ocr,https://ncdc.gov.ng/themes/common/files/sitreps/a708ecdfccdb7c7be5b6087dd5d29e6d.pdf,True
Cross River,2021,46,2021-11-15,2021-11-21,November,Bakassi,0,0.0,0,0.0,0,0.0,0,0.0,0,0.0,2,4.1662,74.0,3.0,4.1,10.0,37.0,9.0,5,B,high,text_cluster_ocr,https://ncdc.gov.ng/themes/common/files/sitreps/b6be779c78ae3b9f4f3c87f484d62216.pdf,True
Cross River,2021,46,2021-11-15,2021-11-21,November,Biase,0,0.0,0,0.0,0,0.0,0,0.0,0,0.0,22,1270.2504,74.0,3.0,4.1,10.0,37.0,9.0,10,B,high,text_cluster_ocr,https://ncdc.gov.ng/themes/common/files/sitreps/b6be779c78ae3b9f4f3c87f484d62216.pdf,True
Cross River,2021,46,2021-11-15,2021-11-21,November,Calabar Municipal,0,0.0,0,0.0,0,0.0,0,0.0,0,0.0,115,129.8064,74.0,3.0,4.1,10.0,37.0,9.0,6,B,high,text_cluster_ocr,https://ncdc.gov.ng/themes/common/files/sitreps/b6be779c78ae3b9f4f3c87f484d62216.pdf,True
Cross River,2021,46,2021-11-15,2021-11-21,November,Yakurr,0,0.0,0,0.0,0,0.0,0,0.0,0,0.0,16,6.0878,74.0,3.0,4.1,10.0,37.0,9.0,53,B,high,text_cluster_ocr,https://ncdc.gov.ng/themes/common/files/sitreps/b6be779c78ae3b9f4f3c87f484d62216.pdf,True
Cross River,2021,47,2021-11-22,2021-11-28,November,Bakassi,0,0.0,0,0.0,0,0.0,0,0.0,0,0.0,2,4.1662,97.0,4.0,4.1,23.0,46.0,1.0,5,B,high,text_cluster_plaintext,https://ncdc.gov.ng/themes/common/files/sitreps/09b6fefce77c74101b77e453f4dca7fb.pdf,True
Cross River,2021,47,2021-11-22,2021-11-28,November,Biase,0,0.0,0,0.0,0,0.0,0,0.0,0,0.0,22,1270.2504,97.0,4.0,4.1,23.0,46.0,1.0,10,B,high,text_cluster_plaintext,https://ncdc.gov.ng/themes/common/files/sitreps/09b6fefce77c74101b77e453f4dca7fb.pdf,True
Cross River,2021,47,2021-11-22,2021-11-28,November,Calabar Municipal,0,0.0,0,0.0,0,0.0,0,0.0,0,0.0,115,129.8064,97.0,4.0,4.1,23.0,46.0,1.0,6,B,high,text_cluster_plaintext,https://ncdc.gov.ng/themes/common/files/sitreps/09b6fefce77c74101b77e453f4dca7fb.pdf,True
Cross River,2021,47,2021-11-22,2021-11-28,November,Yakurr,0,0.0,0,0.0,0,0.0,0,0.0,0,0.0,16,6.0878,97.0,4.0,4.1,23.0,46.0,1.0,53,B,high,text_cluster_plaintext,https://ncdc.gov.ng/themes/common/files/sitreps/09b6fefce77c74101b77e453f4dca7fb.pdf,True
Cross River,2022,30,2022-07-25,2022-07-31,July,Bakassi,0,0.0,0,0.0,0,0.0,0,0.0,0,0.0,2,4.1662,650.0,11.0,1.7,,,,5,B,high,text_cluster_ocr,https://ncdc.gov.ng/themes/common/files/sitreps/6fc4028c21e08d759ff801c807aadb4c.pdf,True
Cross River,2022,30,2022-07-25,2022-07-31,July,Biase,0,0.0,3,4.2774,3,4.2774,3,4.2774,3,4.2774,25,1271.2673,650.0,11.0,1.7,,,,10,B,high,text_cluster_ocr,https://ncdc.gov.ng/themes/common/files/sitreps/6fc4028c21e08d759ff801c807aadb4c.pdf,True
Cross River,2022,30,2022-07-25,2022-07-31,July,Calabar Municipal,0,0.0,0,0.0,2,0.1476,2,0.1476,0,0.0,117,129.8064,650.0,11.0,1.7,,,,6,B,high,text_cluster_ocr,https://ncdc.gov.ng/themes/common/files/sitreps/6fc4028c21e08d759ff801c807aadb4c.pdf,True
Cross River,2022,30,2022-07-25,2022-07-31,July,Yakurr,0,0.0,0,0.0,0,0.0,0,0.0,0,0.0,16,6.0878,650.0,11.0,1.7,,,,53,B,high,text_cluster_ocr,https://ncdc.gov.ng/themes/common/files/sitreps/6fc4028c21e08d759ff801c807aadb4c.pdf,True
Cross River,2022,35,2022-08-29,2022-09-04,August,Bakassi,0,0.0,0,0.0,0,0.0,0,0.0,0,0.0,2,4.1662,650.0,11.0,1.7,0.0,30.0,5.0,5,B,high,text_cluster_ocr,https://ncdc.gov.ng/themes/common/files/sitreps/bc08e245d1fae83069ae5ab197398fb4.pdf,True
Cross River,2022,35,2022-08-29,2022-09-04,August,Biase,0,0.0,0,0.0,2,4.2774,3,4.2774,0,0.0,25,1271.2673,650.0,11.0,1.7,0.0,30.0,5.0,10,B,high,text_cluster_ocr,https://ncdc.gov.ng/themes/common/files/sitreps/bc08e245d1fae83069ae5ab197398fb4.pdf,True
Cross River,2022,35,2022-08-29,2022-09-04,August,Calabar Municipal,0,0.0,1,55.6089,1,55.6089,3,55.6776,1,55.6089,118,129.8064,650.0,11.0,1.7,0.0,30.0,5.0,6,B,high,text_cluster_ocr,https://ncdc.gov.ng/themes/common/files/sitreps/bc08e245d1fae83069ae5ab197398fb4.pdf,True
Cross River,2022,35,2022-08-29,2022-09-04,August,Yakurr,0,0.0,0,0.0,0,0.0,0,0.0,0,0.0,16,6.0878,650.0,11.0,1.7,0.0,30.0,5.0,53,B,high,text_cluster_ocr,https://ncdc.gov.ng/themes/common/files/sitreps/bc08e245d1fae83069ae5ab197398fb4.pdf,True
Cross River,2022,43,2022-10-24,2022-10-30,October,Bakassi,0,0.0,0,0.0,0,0.0,0,0.0,0,0.0,2,4.1662,649.0,11.0,1.7,-1.0,35.0,8.0,5,B,reassembled,text_cluster_plaintext,https://ncdc.gov.ng/themes/common/files/sitreps/c572c11c51795f17da11a4d04d5217f8.pdf,False
Cross River,2022,43,2022-10-24,2022-10-30,October,Biase,1,3.0081,1,3.0081,1,3.0081,1,3.0081,1,3.0081,26,1271.2673,649.0,11.0,1.7,-1.0,35.0,8.0,10,B,reassembled,text_cluster_plaintext,https://ncdc.gov.ng/themes/common/files/sitreps/c572c11c51795f17da11a4d04d5217f8.pdf,False
Cross River,2022,43,2022-10-24,2022-10-30,October,Calabar Municipal,0,0.0,2,55.6776,7,55.6776,8,55.6776,2,55.6776,125,129.8064,649.0,11.0,1.7,-1.0,35.0,8.0,6,B,reassembled,text_cluster_plaintext,https://ncdc.gov.ng/themes/common/files/sitreps/c572c11c51795f17da11a4d04d5217f8.pdf,False
Cross River,2022,43,2022-10-24,2022-10-30,October,Yakurr,0,0.0,0,0.0,0,0.0,0,0.0,0,0.0,16,6.0878,649.0,11.0,1.7,-1.0,35.0,8.0,53,B,reassembled,text_cluster_plaintext,https://ncdc.gov.ng/themes/common/files/sitreps/c572c11c51795f17da11a4d04d5217f8.pdf,False
Cross River,2022,52,2022-12-26,2023-01-01,December,Bakassi,0,0.0,0,0.0,0,0.0,0,0.0,0,0.0,2,4.1662,802.0,18.0,2.2,153.0,43.0,9.0,5,B,high,text_cluster_ocr,https://ncdc.gov.ng/themes/common/files/sitreps/114c6e786ac78f09d484f070d72f2f0c.pdf,True
Cross River,2022,52,2022-12-26,2023-01-01,December,Biase,0,0.0,0,0.0,0,0.0,1,3.0081,0,0.0,26,1271.2673,802.0,18.0,2.2,153.0,43.0,9.0,10,B,high,text_cluster_ocr,https://ncdc.gov.ng/themes/common/files/sitreps/114c6e786ac78f09d484f070d72f2f0c.pdf,True
Cross River,2022,52,2022-12-26,2023-01-01,December,Calabar Municipal,0,0.0,0,0.0,0,0.0,2,55.6776,0,0.0,125,129.8064,802.0,18.0,2.2,153.0,43.0,9.0,6,B,high,text_cluster_ocr,https://ncdc.gov.ng/themes/common/files/sitreps/114c6e786ac78f09d484f070d72f2f0c.pdf,True
Cross River,2022,52,2022-12-26,2023-01-01,December,Yakurr,0,0.0,0,0.0,0,0.0,0,0.0,0,0.0,16,6.0878,802.0,18.0,2.2,153.0,43.0,9.0,53,B,high,text_cluster_ocr,https://ncdc.gov.ng/themes/common/files/sitreps/114c6e786ac78f09d484f070d72f2f0c.pdf,True
Cross River,2023,9,2023-02-27,2023-03-05,March,Bakassi,0,0.0,0,0.0,0,0.0,0,0.0,0,0.0,2,4.1662,647.0,16.0,2.5,,,,5,B,high,text_cluster_ocr,https://ncdc.gov.ng/themes/common/files/sitreps/8898421117dff683ef3e9e31a8d338b5.pdf,True
Cross River,2023,9,2023-02-27,2023-03-05,March,Biase,0,0.0,0,0.0,0,0.0,0,0.0,0,0.0,26,1271.2673,647.0,16.0,2.5,,,,10,B,high,text_cluster_ocr,https://ncdc.gov.ng/themes/common/files/sitreps/8898421117dff683ef3e9e31a8d338b5.pdf,True
Cross River,2023,9,2023-02-27,2023-03-05,March,Calabar Municipal,0,0.0,0,0.0,0,0.0,0,0.0,0,0.0,125,129.8064,647.0,16.0,2.5,,,,6,B,high,text_cluster_ocr,https://ncdc.gov.ng/themes/common/files/sitreps/8898421117dff683ef3e9e31a8d338b5.pdf,True
Cross River,2023,9,2023-02-27,2023-03-05,March,Yakurr,0,0.0,0,0.0,0,0.0,0,0.0,0,0.0,16,6.0878,647.0,16.0,2.5,,,,53,B,high,text_cluster_ocr,https://ncdc.gov.ng/themes/common/files/sitreps/8898421117dff683ef3e9e31a8d338b5.pdf,True
Cross River,2023,13,2023-03-27,2023-04-02,March,Bakassi,0,0.0,0,0.0,0,0.0,0,0.0,0,0.0,2,4.1662,709.0,16.0,2.3,62.0,9.0,4.0,5,B,high,text_cluster_ocr,https://ncdc.gov.ng/themes/common/files/sitreps/8e22fc93c483a168480cfe09f13e2aac.pdf,True
Cross River,2023,13,2023-03-27,2023-04-02,March,Biase,0,0.0,0,0.0,0,0.0,0,0.0,0,0.0,26,1271.2673,709.0,16.0,2.3,62.0,9.0,4.0,10,B,high,text_cluster_ocr,https://ncdc.gov.ng/themes/common/files/sitreps/8e22fc93c483a168480cfe09f13e2aac.pdf,True
Cross River,2023,13,2023-03-27,2023-04-02,March,Calabar Municipal,0,0.0,0,0.0,0,0.0,0,0.0,0,0.0,125,129.8064,709.0,16.0,2.3,62.0,9.0,4.0,6,B,high,text_cluster_ocr,https://ncdc.gov.ng/themes/common/files/sitreps/8e22fc93c483a168480cfe09f13e2aac.pdf,True
Cross River,2023,13,2023-03-27,2023-04-02,March,Yakurr,0,0.0,0,0.0,0,0.0,0,0.0,0,0.0,16,6.0878,709.0,16.0,2.3,62.0,9.0,4.0,53,B,high,text_cluster_ocr,https://ncdc.gov.ng/themes/common/files/sitreps/8e22fc93c483a168480cfe09f13e2aac.pdf,True
Cross River,2023,17,2023-04-24,2023-04-30,April,Bakassi,0,0.0,0,0.0,0,0.0,0,0.0,0,0.0,2,4.1662,718.0,16.0,2.2,9.0,13.0,4.0,5,B,high,text_cluster_ocr,https://ncdc.gov.ng/themes/common/files/sitreps/e9f8edd33205ea8a712c9741b2cbd8e4.pdf,True
Cross River,2023,17,2023-04-24,2023-04-30,April,Biase,0,0.0,0,0.0,0,0.0,0,0.0,0,0.0,26,1271.2673,718.0,16.0,2.2,9.0,13.0,4.0,10,B,high,text_cluster_ocr,https://ncdc.gov.ng/themes/common/files/sitreps/e9f8edd33205ea8a712c9741b2cbd8e4.pdf,True
Cross River,2023,17,2023-04-24,2023-04-30,April,Calabar Municipal,0,0.0,0,0.0,0,0.0,0,0.0,0,0.0,125,129.8064,718.0,16.0,2.2,9.0,13.0,4.0,6,B,high,text_cluster_ocr,https://ncdc.gov.ng/themes/common/files/sitreps/e9f8edd33205ea8a712c9741b2cbd8e4.pdf,True
Cross River,2023,17,2023-04-24,2023-04-30,April,Yakurr,0,0.0,0,0.0,0,0.0,0,0.0,0,0.0,16,6.0878,718.0,16.0,2.2,9.0,13.0,4.0,53,B,high,text_cluster_ocr,https://ncdc.gov.ng/themes/common/files/sitreps/e9f8edd33205ea8a712c9741b2cbd8e4.pdf,True
Cross River,2023,21,2023-05-22,2023-05-28,May,Bakassi,0,0.0,0,0.0,0,0.0,0,0.0,0,0.0,2,4.1662,718.0,16.0,2.2,0.0,17.0,4.0,5,B,high,text_cluster_plaintext,https://ncdc.gov.ng/themes/common/files/sitreps/b647394c0962a21ff628b1cece83ae54.pdf,True
Cross River,2023,21,2023-05-22,2023-05-28,May,Biase,0,0.0,0,0.0,0,0.0,0,0.0,0,0.0,26,1271.2673,718.0,16.0,2.2,0.0,17.0,4.0,10,B,high,text_cluster_plaintext,https://ncdc.gov.ng/themes/common/files/sitreps/b647394c0962a21ff628b1cece83ae54.pdf,True
Cross River,2023,21,2023-05-22,2023-05-28,May,Calabar Municipal,0,0.0,0,0.0,0,0.0,0,0.0,0,0.0,125,129.8064,718.0,16.0,2.2,0.0,17.0,4.0,6,B,high,text_cluster_plaintext,https://ncdc.gov.ng/themes/common/files/sitreps/b647394c0962a21ff628b1cece83ae54.pdf,True
Cross River,2023,21,2023-05-22,2023-05-28,May,Yakurr,0,0.0,0,0.0,0,0.0,0,0.0,0,0.0,16,6.0878,718.0,16.0,2.2,0.0,17.0,4.0,53,B,high,text_cluster_plaintext,https://ncdc.gov.ng/themes/common/files/sitreps/b647394c0962a21ff628b1cece83ae54.pdf,True
Cross River,2023,26,2023-06-26,2023-07-02,June,Bakassi,0,0.0,0,0.0,0,0.0,0,0.0,0,0.0,2,4.1662,718.0,16.0,2.2,0.0,21.0,5.0,5,B,high,text_cluster_plaintext,https://ncdc.gov.ng/themes/common/files/sitreps/86eded9cb1059c26a10168b091554d79.pdf,True
Cross River,2023,26,2023-06-26,2023-07-02,June,Biase,0,0.0,0,0.0,0,0.0,0,0.0,0,0.0,26,1271.2673,718.0,16.0,2.2,0.0,21.0,5.0,10,B,high,text_cluster_plaintext,https://ncdc.gov.ng/themes/common/files/sitreps/86eded9cb1059c26a10168b091554d79.pdf,True
Cross River,2023,26,2023-06-26,2023-07-02,June,Calabar Municipal,0,0.0,0,0.0,0,0.0,0,0.0,0,0.0,125,129.8064,718.0,16.0,2.2,0.0,21.0,5.0,6,B,high,text_cluster_plaintext,https://ncdc.gov.ng/themes/common/files/sitreps/86eded9cb1059c26a10168b091554d79.pdf,True
Cross River,2023,26,2023-06-26,2023-07-02,June,Yakurr,0,0.0,0,0.0,0,0.0,0,0.0,0,0.0,16,6.0878,718.0,16.0,2.2,0.0,21.0,5.0,53,B,high,text_cluster_plaintext,https://ncdc.gov.ng/themes/common/files/sitreps/86eded9cb1059c26a10168b091554d79.pdf,True
Cross River,2023,30,2023-07-24,2023-07-30,July,Bakassi,0,0.0,0,0.0,0,0.0,0,0.0,0,0.0,2,4.1662,718.0,17.0,2.4,0.0,26.0,4.0,5,B,high,text_cluster_plaintext,https://ncdc.gov.ng/themes/common/files/sitreps/f61d3dfa05fac93cd2e2454265bb5314.pdf,True
Cross River,2023,30,2023-07-24,2023-07-30,July,Biase,0,0.0,0,0.0,0,0.0,0,0.0,0,0.0,26,1271.2673,718.0,17.0,2.4,0.0,26.0,4.0,10,B,high,text_cluster_plaintext,https://ncdc.gov.ng/themes/common/files/sitreps/f61d3dfa05fac93cd2e2454265bb5314.pdf,True
Cross River,2023,30,2023-07-24,2023-07-30,July,Calabar Municipal,0,0.0,0,0.0,0,0.0,0,0.0,0,0.0,125,129.8064,718.0,17.0,2.4,0.0,26.0,4.0,6,B,high,text_cluster_plaintext,https://ncdc.gov.ng/themes/common/files/sitreps/f61d3dfa05fac93cd2e2454265bb5314.pdf,True
Cross River,2023,30,2023-07-24,2023-07-30,July,Yakurr,0,0.0,0,0.0,0,0.0,0,0.0,0,0.0,16,6.0878,718.0,17.0,2.4,0.0,26.0,4.0,53,B,high,text_cluster_plaintext,https://ncdc.gov.ng/themes/common/files/sitreps/f61d3dfa05fac93cd2e2454265bb5314.pdf,True
Cross River,2023,34,2023-08-21,2023-08-27,August,Bakassi,0,0.0,0,0.0,0,0.0,0,0.0,0,0.0,2,4.1662,718.0,16.0,2.2,0.0,30.0,4.0,5,B,high,text_cluster_ocr,https://ncdc.gov.ng/themes/common/files/sitreps/b5312dee1262249339935f0e48b49bde.pdf,False
Cross River,2023,34,2023-08-21,2023-08-27,August,Biase,0,0.0,0,0.0,0,0.0,0,0.0,0,0.0,26,1271.2673,718.0,16.0,2.2,0.0,30.0,4.0,10,B,high,text_cluster_ocr,https://ncdc.gov.ng/themes/common/files/sitreps/b5312dee1262249339935f0e48b49bde.pdf,False
Cross River,2023,34,2023-08-21,2023-08-27,August,Calabar Municipal,1,55.6089,1,55.6089,1,55.6089,1,55.6089,1,55.6089,126,129.8064,718.0,16.0,2.2,0.0,30.0,4.0,6,B,high,text_cluster_ocr,https://ncdc.gov.ng/themes/common/files/sitreps/b5312dee1262249339935f0e48b49bde.pdf,False
Cross River,2023,34,2023-08-21,2023-08-27,August,Yakurr,0,0.0,0,0.0,0,0.0,0,0.0,0,0.0,16,6.0878,718.0,16.0,2.2,0.0,30.0,4.0,53,B,high,text_cluster_ocr,https://ncdc.gov.ng/themes/common/files/sitreps/b5312dee1262249339935f0e48b49bde.pdf,False
Cross River,2023,39,2023-09-25,2023-10-01,September,Bakassi,0,0.0,0,0.0,0,0.0,0,0.0,0,0.0,2,4.1662,718.0,16.0,2.2,0.0,34.0,5.0,5,B,high,text_cluster_ocr,https://ncdc.gov.ng/themes/common/files/sitreps/2481381156b173626e82e02f822ce8c5.pdf,True
Cross River,2023,39,2023-09-25,2023-10-01,September,Biase,0,0.0,1,1.3367,1,1.3367,1,1.3367,1,1.3367,27,1271.2673,718.0,16.0,2.2,0.0,34.0,5.0,10,B,high,text_cluster_ocr,https://ncdc.gov.ng/themes/common/files/sitreps/2481381156b173626e82e02f822ce8c5.pdf,True
Cross River,2023,39,2023-09-25,2023-10-01,September,Calabar Municipal,0,0.0,0,0.0,1,55.6089,1,55.6089,0,0.0,126,129.8064,718.0,16.0,2.2,0.0,34.0,5.0,6,B,high,text_cluster_ocr,https://ncdc.gov.ng/themes/common/files/sitreps/2481381156b173626e82e02f822ce8c5.pdf,True
Cross River,2023,39,2023-09-25,2023-10-01,September,Yakurr,0,0.0,0,0.0,0,0.0,0,0.0,0,0.0,16,6.0878,718.0,16.0,2.2,0.0,34.0,5.0,53,B,high,text_cluster_ocr,https://ncdc.gov.ng/themes/common/files/sitreps/2481381156b173626e82e02f822ce8c5.pdf,True
Cross River,2023,47,2023-11-20,2023-11-26,November,Bakassi,0,0.0,0,0.0,0,0.0,0,0.0,0,0.0,2,4.1662,718.0,16.0,2.2,0.0,39.0,8.0,5,B,high,text_cluster_ocr,https://ncdc.gov.ng/themes/common/files/sitreps/68d1fd52026df8037795393cb1ddd5fd.pdf,True
Cross River,2023,47,2023-11-20,2023-11-26,November,Biase,0,0.0,0,0.0,0,0.0,1,1.3367,0,0.0,27,1271.2673,718.0,16.0,2.2,0.0,39.0,8.0,10,B,high,text_cluster_ocr,https://ncdc.gov.ng/themes/common/files/sitreps/68d1fd52026df8037795393cb1ddd5fd.pdf,True
Cross River,2023,47,2023-11-20,2023-11-26,November,Calabar Municipal,0,0.0,0,0.0,0,0.0,0,0.0,0,0.0,126,129.8064,718.0,16.0,2.2,0.0,39.0,8.0,6,B,high,text_cluster_ocr,https://ncdc.gov.ng/themes/common/files/sitreps/68d1fd52026df8037795393cb1ddd5fd.pdf,True
Cross River,2023,47,2023-11-20,2023-11-26,November,Yakurr,0,0.0,0,0.0,0,0.0,0,0.0,0,0.0,16,6.0878,718.0,16.0,2.2,0.0,39.0,8.0,53,B,high,text_cluster_ocr,https://ncdc.gov.ng/themes/common/files/sitreps/68d1fd52026df8037795393cb1ddd5fd.pdf,True
Cross River,2023,52,2023-12-25,2023-12-31,December,Bakassi,0,0.0,0,0.0,0,0.0,0,0.0,0,0.0,2,4.1662,718.0,16.0,2.2,0.0,47.0,5.0,5,B,high,text_cluster_ocr,https://ncdc.gov.ng/themes/common/files/sitreps/bd3442b030951d6ed73d475d1d4d0c18.pdf,True
Cross River,2023,52,2023-12-25,2023-12-31,December,Biase,0,0.0,0,0.0,0,0.0,0,0.0,0,0.0,27,1271.2673,718.0,16.0,2.2,0.0,47.0,5.0,10,B,high,text_cluster_ocr,https://ncdc.gov.ng/themes/common/files/sitreps/bd3442b030951d6ed73d475d1d4d0c18.pdf,True
Cross River,2023,52,2023-12-25,2023-12-31,December,Calabar Municipal,0,0.0,0,0.0,0,0.0,0,0.0,0,0.0,126,129.8064,718.0,16.0,2.2,0.0,47.0,5.0,6,B,high,text_cluster_ocr,https://ncdc.gov.ng/themes/common/files/sitreps/bd3442b030951d6ed73d475d1d4d0c18.pdf,True
Cross River,2023,52,2023-12-25,2023-12-31,December,Yakurr,0,0.0,0,0.0,0,0.0,0,0.0,0,0.0,16,6.0878,718.0,16.0,2.2,0.0,47.0,5.0,53,B,high,text_cluster_ocr,https://ncdc.gov.ng/themes/common/files/sitreps/bd3442b030951d6ed73d475d1d4d0c18.pdf,True
Cross River,2024,8,2024-02-19,2024-02-25,February,Bakassi,0,0.0,0,0.0,0,0.0,0,0.0,0,0.0,2,4.1662,42.0,1.0,2.4,,,,5,B,high,text_cluster_ocr,https://ncdc.gov.ng/themes/common/files/sitreps/1c2cfbf2bc4fb6e10ba27a335b7bae2c.pdf,True
Cross River,2024,8,2024-02-19,2024-02-25,February,Biase,0,0.0,0,0.0,0,0.0,0,0.0,0,0.0,27,1271.2673,42.0,1.0,2.4,,,,10,B,high,text_cluster_ocr,https://ncdc.gov.ng/themes/common/files/sitreps/1c2cfbf2bc4fb6e10ba27a335b7bae2c.pdf,True
Cross River,2024,8,2024-02-19,2024-02-25,February,Calabar Municipal,0,0.0,0,0.0,0,0.0,0,0.0,0,0.0,126,129.8064,42.0,1.0,2.4,,,,6,B,high,text_cluster_ocr,https://ncdc.gov.ng/themes/common/files/sitreps/1c2cfbf2bc4fb6e10ba27a335b7bae2c.pdf,True
Cross River,2024,8,2024-02-19,2024-02-25,February,Yakurr,0,0.0,0,0.0,0,0.0,0,0.0,0,0.0,16,6.0878,42.0,1.0,2.4,,,,53,B,high,text_cluster_ocr,https://ncdc.gov.ng/themes/common/files/sitreps/1c2cfbf2bc4fb6e10ba27a335b7bae2c.pdf,True
Cross River,2024,12,2024-03-18,2024-03-24,March,Bakassi,0,0.0,0,0.0,0,0.0,0,0.0,0,0.0,2,4.1662,42.0,1.0,2.4,0.0,8.0,4.0,5,B,high,text_cluster_ocr,https://ncdc.gov.ng/themes/common/files/sitreps/ff94f80a9171582287b63df547e782a0.pdf,True
Cross River,2024,12,2024-03-18,2024-03-24,March,Biase,0,0.0,0,0.0,0,0.0,0,0.0,0,0.0,27,1271.2673,42.0,1.0,2.4,0.0,8.0,4.0,10,B,high,text_cluster_ocr,https://ncdc.gov.ng/themes/common/files/sitreps/ff94f80a9171582287b63df547e782a0.pdf,True
Cross River,2024,12,2024-03-18,2024-03-24,March,Calabar Municipal,0,0.0,0,0.0,0,0.0,0,0.0,0,0.0,126,129.8064,42.0,1.0,2.4,0.0,8.0,4.0,6,B,high,text_cluster_ocr,https://ncdc.gov.ng/themes/common/files/sitreps/ff94f80a9171582287b63df547e782a0.pdf,True
Cross River,2024,12,2024-03-18,2024-03-24,March,Yakurr,0,0.0,0,0.0,0,0.0,0,0.0,0,0.0,16,6.0878,42.0,1.0,2.4,0.0,8.0,4.0,53,B,high,text_cluster_ocr,https://ncdc.gov.ng/themes/common/files/sitreps/ff94f80a9171582287b63df547e782a0.pdf,True
Cross River,2024,17,2024-04-22,2024-04-28,April,Bakassi,0,0.0,0,0.0,0,0.0,0,0.0,0,0.0,2,4.1662,42.0,1.0,2.4,0.0,12.0,5.0,5,B,high,text_cluster_ocr,https://ncdc.gov.ng/themes/common/files/sitreps/7afa8d786ff9ef15246de64fbdc59cec.pdf,True
Cross River,2024,17,2024-04-22,2024-04-28,April,Biase,0,0.0,0,0.0,0,0.0,0,0.0,0,0.0,27,1271.2673,42.0,1.0,2.4,0.0,12.0,5.0,10,B,high,text_cluster_ocr,https://ncdc.gov.ng/themes/common/files/sitreps/7afa8d786ff9ef15246de64fbdc59cec.pdf,True
Cross River,2024,17,2024-04-22,2024-04-28,April,Calabar Municipal,0,0.0,0,0.0,0,0.0,0,0.0,0,0.0,126,129.8064,42.0,1.0,2.4,0.0,12.0,5.0,6,B,high,text_cluster_ocr,https://ncdc.gov.ng/themes/common/files/sitreps/7afa8d786ff9ef15246de64fbdc59cec.pdf,True
Cross River,2024,17,2024-04-22,2024-04-28,April,Yakurr,0,0.0,0,0.0,0,0.0,0,0.0,0,0.0,16,6.0878,42.0,1.0,2.4,0.0,12.0,5.0,53,B,high,text_cluster_ocr,https://ncdc.gov.ng/themes/common/files/sitreps/7afa8d786ff9ef15246de64fbdc59cec.pdf,True
Cross River,2024,22,2024-05-27,2024-06-02,May,Bakassi,0,0.0,0,0.0,0,0.0,0,0.0,0,0.0,2,4.1662,42.0,1.0,2.4,0.0,17.0,5.0,5,B,high,text_cluster_ocr,https://ncdc.gov.ng/themes/common/files/sitreps/1ac97f89c12c6fa3e2600a90d4ce6dc8.pdf,True
Cross River,2024,22,2024-05-27,2024-06-02,May,Biase,0,0.0,0,0.0,0,0.0,0,0.0,0,0.0,27,1271.2673,42.0,1.0,2.4,0.0,17.0,5.0,10,B,high,text_cluster_ocr,https://ncdc.gov.ng/themes/common/files/sitreps/1ac97f89c12c6fa3e2600a90d4ce6dc8.pdf,True
Cross River,2024,22,2024-05-27,2024-06-02,May,Calabar Municipal,0,0.0,0,0.0,0,0.0,0,0.0,0,0.0,126,129.8064,42.0,1.0,2.4,0.0,17.0,5.0,6,B,high,text_cluster_ocr,https://ncdc.gov.ng/themes/common/files/sitreps/1ac97f89c12c6fa3e2600a90d4ce6dc8.pdf,True
Cross River,2024,22,2024-05-27,2024-06-02,May,Yakurr,0,0.0,0,0.0,0,0.0,0,0.0,0,0.0,16,6.0878,42.0,1.0,2.4,0.0,17.0,5.0,53,B,high,text_cluster_ocr,https://ncdc.gov.ng/themes/common/files/sitreps/1ac97f89c12c6fa3e2600a90d4ce6dc8.pdf,True
Cross River,2024,23,2024-06-03,2024-06-09,June,Bakassi,0,0.0,0,0.0,0,0.0,0,0.0,0,0.0,2,4.1662,43.0,1.0,2.3,1.0,22.0,1.0,5,B,high,text_cluster_plaintext,https://ncdc.gov.ng/themes/common/files/sitreps/dc7b7c4e4ee6982b93d5cea70d770704.pdf,True
Cross River,2024,23,2024-06-03,2024-06-09,June,Biase,0,0.0,0,0.0,0,0.0,0,0.0,0,0.0,27,1271.2673,43.0,1.0,2.3,1.0,22.0,1.0,10,B,high,text_cluster_plaintext,https://ncdc.gov.ng/themes/common/files/sitreps/dc7b7c4e4ee6982b93d5cea70d770704.pdf,True
Cross River,2024,23,2024-06-03,2024-06-09,June,Calabar Municipal,0,0.0,0,0.0,0,0.0,0,0.0,0,0.0,126,129.8064,43.0,1.0,2.3,1.0,22.0,1.0,6,B,high,text_cluster_plaintext,https://ncdc.gov.ng/themes/common/files/sitreps/dc7b7c4e4ee6982b93d5cea70d770704.pdf,True
Cross River,2024,23,2024-06-03,2024-06-09,June,Yakurr,0,0.0,0,0.0,0,0.0,0,0.0,0,0.0,16,6.0878,43.0,1.0,2.3,1.0,22.0,1.0,53,B,high,text_cluster_plaintext,https://ncdc.gov.ng/themes/common/files/sitreps/dc7b7c4e4ee6982b93d5cea70d770704.pdf,True
Cross River,2024,24,2024-06-10,2024-06-16,June,Bakassi,0,0.0,0,0.0,0,0.0,0,0.0,0,0.0,2,4.1662,43.0,1.0,2.3,0.0,23.0,1.0,5,B,high,text_cluster_plaintext,https://ncdc.gov.ng/themes/common/files/sitreps/a8f7fd0ce5bbccf0ba161da70d8715cb.pdf,True
Cross River,2024,24,2024-06-10,2024-06-16,June,Biase,0,0.0,0,0.0,0,0.0,0,0.0,0,0.0,27,1271.2673,43.0,1.0,2.3,0.0,23.0,1.0,10,B,high,text_cluster_plaintext,https://ncdc.gov.ng/themes/common/files/sitreps/a8f7fd0ce5bbccf0ba161da70d8715cb.pdf,True
Cross River,2024,24,2024-06-10,2024-06-16,June,Calabar Municipal,0,0.0,0,0.0,0,0.0,0,0.0,0,0.0,126,129.8064,43.0,1.0,2.3,0.0,23.0,1.0,6,B,high,text_cluster_plaintext,https://ncdc.gov.ng/themes/common/files/sitreps/a8f7fd0ce5bbccf0ba161da70d8715cb.pdf,True
Cross River,2024,24,2024-06-10,2024-06-16,June,Yakurr,0,0.0,0,0.0,0,0.0,0,0.0,0,0.0,16,6.0878,43.0,1.0,2.3,0.0,23.0,1.0,53,B,high,text_cluster_plaintext,https://ncdc.gov.ng/themes/common/files/sitreps/a8f7fd0ce5bbccf0ba161da70d8715cb.pdf,True
Cross River,2024,25,2024-06-17,2024-06-23,June,Bakassi,0,0.0,0,0.0,0,0.0,0,0.0,0,0.0,2,4.1662,43.0,1.0,2.3,0.0,24.0,1.0,5,B,high,text_cluster_plaintext,https://ncdc.gov.ng/themes/common/files/sitreps/790b8fab2b6d4f793cb3bcb012358ee1.pdf,True
Cross River,2024,25,2024-06-17,2024-06-23,June,Biase,0,0.0,0,0.0,0,0.0,0,0.0,0,0.0,27,1271.2673,43.0,1.0,2.3,0.0,24.0,1.0,10,B,high,text_cluster_plaintext,https://ncdc.gov.ng/themes/common/files/sitreps/790b8fab2b6d4f793cb3bcb012358ee1.pdf,True
Cross River,2024,25,2024-06-17,2024-06-23,June,Calabar Municipal,0,0.0,0,0.0,0,0.0,0,0.0,0,0.0,126,129.8064,43.0,1.0,2.3,0.0,24.0,1.0,6,B,high,text_cluster_plaintext,https://ncdc.gov.ng/themes/common/files/sitreps/790b8fab2b6d4f793cb3bcb012358ee1.pdf,True
Cross River,2024,25,2024-06-17,2024-06-23,June,Yakurr,0,0.0,0,0.0,0,0.0,0,0.0,0,0.0,16,6.0878,43.0,1.0,2.3,0.0,24.0,1.0,53,B,high,text_cluster_plaintext,https://ncdc.gov.ng/themes/common/files/sitreps/790b8fab2b6d4f793cb3bcb012358ee1.pdf,True
Cross River,2024,26,2024-06-24,2024-06-30,June,Bakassi,0,0.0,0,0.0,0,0.0,0,0.0,0,0.0,2,4.1662,43.0,1.0,2.3,0.0,25.0,1.0,5,B,high,text_cluster_plaintext,https://ncdc.gov.ng/themes/common/files/sitreps/427151e2a0d4f38eb7bfe4c537ca90b8.pdf,True
Cross River,2024,26,2024-06-24,2024-06-30,June,Biase,0,0.0,0,0.0,0,0.0,0,0.0,0,0.0,27,1271.2673,43.0,1.0,2.3,0.0,25.0,1.0,10,B,high,text_cluster_plaintext,https://ncdc.gov.ng/themes/common/files/sitreps/427151e2a0d4f38eb7bfe4c537ca90b8.pdf,True
Cross River,2024,26,2024-06-24,2024-06-30,June,Calabar Municipal,0,0.0,0,0.0,0,0.0,0,0.0,0,0.0,126,129.8064,43.0,1.0,2.3,0.0,25.0,1.0,6,B,high,text_cluster_plaintext,https://ncdc.gov.ng/themes/common/files/sitreps/427151e2a0d4f38eb7bfe4c537ca90b8.pdf,True
Cross River,2024,26,2024-06-24,2024-06-30,June,Yakurr,0,0.0,0,0.0,0,0.0,0,0.0,0,0.0,16,6.0878,43.0,1.0,2.3,0.0,25.0,1.0,53,B,high,text_cluster_plaintext,https://ncdc.gov.ng/themes/common/files/sitreps/427151e2a0d4f38eb7bfe4c537ca90b8.pdf,True
Cross River,2024,27,2024-07-01,2024-07-07,July,Bakassi,0,0.0,0,0.0,0,0.0,0,0.0,0,0.0,2,4.1662,43.0,1.0,2.3,0.0,26.0,1.0,5,B,high,text_cluster_plaintext,https://ncdc.gov.ng/themes/common/files/sitreps/f99ab9adf0f26a1ccc796d7610d40b9c.pdf,True
Cross River,2024,27,2024-07-01,2024-07-07,July,Biase,1,3.0081,1,3.0081,1,3.0081,1,3.0081,1,3.0081,28,1271.2673,43.0,1.0,2.3,0.0,26.0,1.0,10,B,high,text_cluster_plaintext,https://ncdc.gov.ng/themes/common/files/sitreps/f99ab9adf0f26a1ccc796d7610d40b9c.pdf,True
Cross River,2024,27,2024-07-01,2024-07-07,July,Calabar Municipal,0,0.0,0,0.0,0,0.0,0,0.0,0,0.0,126,129.8064,43.0,1.0,2.3,0.0,26.0,1.0,6,B,high,text_cluster_plaintext,https://ncdc.gov.ng/themes/common/files/sitreps/f99ab9adf0f26a1ccc796d7610d40b9c.pdf,True
Cross River,2024,27,2024-07-01,2024-07-07,July,Yakurr,0,0.0,0,0.0,0,0.0,0,0.0,0,0.0,16,6.0878,43.0,1.0,2.3,0.0,26.0,1.0,53,B,high,text_cluster_plaintext,https://ncdc.gov.ng/themes/common/files/sitreps/f99ab9adf0f26a1ccc796d7610d40b9c.pdf,True
Cross River,2024,28,2024-07-08,2024-07-14,July,Bakassi,0,0.0,0,0.0,0,0.0,0,0.0,0,0.0,2,4.1662,43.0,1.0,2.3,0.0,27.0,1.0,5,B,high,text_cluster_plaintext,https://ncdc.gov.ng/themes/common/files/sitreps/54d4f611487e13ad9b18dc0586628e47.pdf,True
Cross River,2024,28,2024-07-08,2024-07-14,July,Biase,0,0.0,1,3.0081,1,3.0081,1,3.0081,1,3.0081,28,1271.2673,43.0,1.0,2.3,0.0,27.0,1.0,10,B,high,text_cluster_plaintext,https://ncdc.gov.ng/themes/common/files/sitreps/54d4f611487e13ad9b18dc0586628e47.pdf,True
Cross River,2024,28,2024-07-08,2024-07-14,July,Calabar Municipal,0,0.0,0,0.0,0,0.0,0,0.0,0,0.0,126,129.8064,43.0,1.0,2.3,0.0,27.0,1.0,6,B,high,text_cluster_plaintext,https://ncdc.gov.ng/themes/common/files/sitreps/54d4f611487e13ad9b18dc0586628e47.pdf,True
Cross River,2024,28,2024-07-08,2024-07-14,July,Yakurr,0,0.0,0,0.0,0,0.0,0,0.0,0,0.0,16,6.0878,43.0,1.0,2.3,0.0,27.0,1.0,53,B,high,text_cluster_plaintext,https://ncdc.gov.ng/themes/common/files/sitreps/54d4f611487e13ad9b18dc0586628e47.pdf,True
Cross River,2024,29,2024-07-15,2024-07-21,July,Bakassi,0,0.0,0,0.0,0,0.0,0,0.0,0,0.0,2,4.1662,43.0,1.0,2.3,0.0,28.0,1.0,5,B,high,text_cluster_plaintext,https://ncdc.gov.ng/themes/common/files/sitreps/2c93d23eabd9ac41e2d998c311fbc997.pdf,True
Cross River,2024,29,2024-07-15,2024-07-21,July,Biase,0,0.0,1,3.0081,1,3.0081,1,3.0081,1,3.0081,28,1271.2673,43.0,1.0,2.3,0.0,28.0,1.0,10,B,high,text_cluster_plaintext,https://ncdc.gov.ng/themes/common/files/sitreps/2c93d23eabd9ac41e2d998c311fbc997.pdf,True
Cross River,2024,29,2024-07-15,2024-07-21,July,Calabar Municipal,0,0.0,0,0.0,0,0.0,0,0.0,0,0.0,126,129.8064,43.0,1.0,2.3,0.0,28.0,1.0,6,B,high,text_cluster_plaintext,https://ncdc.gov.ng/themes/common/files/sitreps/2c93d23eabd9ac41e2d998c311fbc997.pdf,True
Cross River,2024,29,2024-07-15,2024-07-21,July,Yakurr,0,0.0,0,0.0,0,0.0,0,0.0,0,0.0,16,6.0878,43.0,1.0,2.3,0.0,28.0,1.0,53,B,high,text_cluster_plaintext,https://ncdc.gov.ng/themes/common/files/sitreps/2c93d23eabd9ac41e2d998c311fbc997.pdf,True
Cross River,2024,30,2024-07-22,2024-07-28,July,Bakassi,0,0.0,0,0.0,0,0.0,0,0.0,0,0.0,2,4.1662,43.0,1.0,2.3,0.0,29.0,1.0,5,B,high,text_cluster_ocr,https://ncdc.gov.ng/themes/common/files/sitreps/948dcfc7e81056bf460d69f4093c5138.pdf,True
Cross River,2024,30,2024-07-22,2024-07-28,July,Biase,0,0.0,1,3.0081,1,3.0081,1,3.0081,1,3.0081,28,1271.2673,43.0,1.0,2.3,0.0,29.0,1.0,10,B,high,text_cluster_ocr,https://ncdc.gov.ng/themes/common/files/sitreps/948dcfc7e81056bf460d69f4093c5138.pdf,True
Cross River,2024,30,2024-07-22,2024-07-28,July,Calabar Municipal,0,0.0,0,0.0,0,0.0,0,0.0,0,0.0,126,129.8064,43.0,1.0,2.3,0.0,29.0,1.0,6,B,high,text_cluster_ocr,https://ncdc.gov.ng/themes/common/files/sitreps/948dcfc7e81056bf460d69f4093c5138.pdf,True
Cross River,2024,30,2024-07-22,2024-07-28,July,Yakurr,0,0.0,0,0.0,0,0.0,0,0.0,0,0.0,16,6.0878,43.0,1.0,2.3,0.0,29.0,1.0,53,B,high,text_cluster_ocr,https://ncdc.gov.ng/themes/common/files/sitreps/948dcfc7e81056bf460d69f4093c5138.pdf,True
Cross River,2024,31,2024-07-29,2024-08-04,August,Bakassi,0,0.0,0,0.0,0,0.0,0,0.0,0,0.0,2,4.1662,43.0,1.0,2.3,0.0,30.0,1.0,5,B,high,text_cluster_plaintext,https://ncdc.gov.ng/themes/common/files/sitreps/62e4eab2da2c97145370a0666fb349d3.pdf,True
Cross River,2024,31,2024-07-29,2024-08-04,August,Biase,0,0.0,0,0.0,1,3.0081,1,3.0081,0,0.0,28,1271.2673,43.0,1.0,2.3,0.0,30.0,1.0,10,B,high,text_cluster_plaintext,https://ncdc.gov.ng/themes/common/files/sitreps/62e4eab2da2c97145370a0666fb349d3.pdf,True
Cross River,2024,31,2024-07-29,2024-08-04,August,Calabar Municipal,0,0.0,0,0.0,0,0.0,0,0.0,0,0.0,126,129.8064,43.0,1.0,2.3,0.0,30.0,1.0,6,B,high,text_cluster_plaintext,https://ncdc.gov.ng/themes/common/files/sitreps/62e4eab2da2c97145370a0666fb349d3.pdf,True
Cross River,2024,31,2024-07-29,2024-08-04,August,Yakurr,0,0.0,0,0.0,0,0.0,0,0.0,0,0.0,16,6.0878,43.0,1.0,2.3,0.0,30.0,1.0,53,B,high,text_cluster_plaintext,https://ncdc.gov.ng/themes/common/files/sitreps/62e4eab2da2c97145370a0666fb349d3.pdf,True
Cross River,2024,32,2024-08-05,2024-08-11,August,Bakassi,0,0.0,0,0.0,0,0.0,0,0.0,0,0.0,2,4.1662,43.0,1.0,2.3,0.0,31.0,1.0,5,B,high,text_cluster_plaintext,https://ncdc.gov.ng/themes/common/files/sitreps/67555f6acf99208233aafb5590b1088f.pdf,True
Cross River,2024,32,2024-08-05,2024-08-11,August,Biase,0,0.0,0,0.0,1,3.0081,1,3.0081,0,0.0,28,1271.2673,43.0,1.0,2.3,0.0,31.0,1.0,10,B,high,text_cluster_plaintext,https://ncdc.gov.ng/themes/common/files/sitreps/67555f6acf99208233aafb5590b1088f.pdf,True
Cross River,2024,32,2024-08-05,2024-08-11,August,Calabar Municipal,0,0.0,0,0.0,0,0.0,0,0.0,0,0.0,126,129.8064,43.0,1.0,2.3,0.0,31.0,1.0,6,B,high,text_cluster_plaintext,https://ncdc.gov.ng/themes/common/files/sitreps/67555f6acf99208233aafb5590b1088f.pdf,True
Cross River,2024,32,2024-08-05,2024-08-11,August,Yakurr,0,0.0,0,0.0,0,0.0,0,0.0,0,0.0,16,6.0878,43.0,1.0,2.3,0.0,31.0,1.0,53,B,high,text_cluster_plaintext,https://ncdc.gov.ng/themes/common/files/sitreps/67555f6acf99208233aafb5590b1088f.pdf,True
Cross River,2024,33,2024-08-12,2024-08-18,August,Bakassi,0,0.0,0,0.0,0,0.0,0,0.0,0,0.0,2,4.1662,43.0,1.0,2.3,0.0,32.0,1.0,5,B,high,text_cluster_plaintext,https://ncdc.gov.ng/themes/common/files/sitreps/ec8df9ac6829a5efa14fde05e73efa5e.pdf,True
Cross River,2024,33,2024-08-12,2024-08-18,August,Biase,0,0.0,0,0.0,1,3.0081,1,3.0081,0,0.0,28,1271.2673,43.0,1.0,2.3,0.0,32.0,1.0,10,B,high,text_cluster_plaintext,https://ncdc.gov.ng/themes/common/files/sitreps/ec8df9ac6829a5efa14fde05e73efa5e.pdf,True
Cross River,2024,33,2024-08-12,2024-08-18,August,Calabar Municipal,0,0.0,0,0.0,0,0.0,0,0.0,0,0.0,126,129.8064,43.0,1.0,2.3,0.0,32.0,1.0,6,B,high,text_cluster_plaintext,https://ncdc.gov.ng/themes/common/files/sitreps/ec8df9ac6829a5efa14fde05e73efa5e.pdf,True
Cross River,2024,33,2024-08-12,2024-08-18,August,Yakurr,0,0.0,0,0.0,0,0.0,0,0.0,0,0.0,16,6.0878,43.0,1.0,2.3,0.0,32.0,1.0,53,B,high,text_cluster_plaintext,https://ncdc.gov.ng/themes/common/files/sitreps/ec8df9ac6829a5efa14fde05e73efa5e.pdf,True
Cross River,2024,34,2024-08-19,2024-08-25,August,Bakassi,0,0.0,0,0.0,0,0.0,0,0.0,0,0.0,2,4.1662,52.0,1.0,1.9,9.0,33.0,1.0,5,B,high,text_cluster_plaintext,https://ncdc.gov.ng/themes/common/files/sitreps/ac3ce9fa88f131df7fd3f8881425d676.pdf,True
Cross River,2024,34,2024-08-19,2024-08-25,August,Biase,0,0.0,0,0.0,1,3.0081,1,3.0081,0,0.0,28,1271.2673,52.0,1.0,1.9,9.0,33.0,1.0,10,B,high,text_cluster_plaintext,https://ncdc.gov.ng/themes/common/files/sitreps/ac3ce9fa88f131df7fd3f8881425d676.pdf,True
Cross River,2024,34,2024-08-19,2024-08-25,August,Calabar Municipal,0,0.0,0,0.0,0,0.0,0,0.0,0,0.0,126,129.8064,52.0,1.0,1.9,9.0,33.0,1.0,6,B,high,text_cluster_plaintext,https://ncdc.gov.ng/themes/common/files/sitreps/ac3ce9fa88f131df7fd3f8881425d676.pdf,True
Cross River,2024,34,2024-08-19,2024-08-25,August,Yakurr,0,0.0,0,0.0,0,0.0,0,0.0,0,0.0,16,6.0878,52.0,1.0,1.9,9.0,33.0,1.0,53,B,high,text_cluster_plaintext,https://ncdc.gov.ng/themes/common/files/sitreps/ac3ce9fa88f131df7fd3f8881425d676.pdf,True
Cross River,2024,35,2024-08-26,2024-09-01,August,Bakassi,0,0.0,0,0.0,0,0.0,0,0.0,0,0.0,2,4.1662,52.0,1.0,1.9,0.0,34.0,1.0,5,B,high,text_cluster_plaintext,https://ncdc.gov.ng/themes/common/files/sitreps/4106b79ecb34c2fe4eab6b6731780e50.pdf,True
Cross River,2024,35,2024-08-26,2024-09-01,August,Biase,0,0.0,0,0.0,0,0.0,1,3.0081,0,0.0,28,1271.2673,52.0,1.0,1.9,0.0,34.0,1.0,10,B,high,text_cluster_plaintext,https://ncdc.gov.ng/themes/common/files/sitreps/4106b79ecb34c2fe4eab6b6731780e50.pdf,True
Cross River,2024,35,2024-08-26,2024-09-01,August,Calabar Municipal,0,0.0,0,0.0,0,0.0,0,0.0,0,0.0,126,129.8064,52.0,1.0,1.9,0.0,34.0,1.0,6,B,high,text_cluster_plaintext,https://ncdc.gov.ng/themes/common/files/sitreps/4106b79ecb34c2fe4eab6b6731780e50.pdf,True
Cross River,2024,35,2024-08-26,2024-09-01,August,Yakurr,0,0.0,0,0.0,0,0.0,0,0.0,0,0.0,16,6.0878,52.0,1.0,1.9,0.0,34.0,1.0,53,B,high,text_cluster_plaintext,https://ncdc.gov.ng/themes/common/files/sitreps/4106b79ecb34c2fe4eab6b6731780e50.pdf,True
Cross River,2024,36,2024-09-02,2024-09-08,September,Bakassi,0,0.0,0,0.0,0,0.0,0,0.0,0,0.0,2,4.1662,52.0,1.0,1.9,0.0,35.0,1.0,5,B,high,text_cluster_plaintext,https://ncdc.gov.ng/themes/common/files/sitreps/b92cb2fa6b913e6a049977d412a98049.pdf,True
Cross River,2024,36,2024-09-02,2024-09-08,September,Biase,0,0.0,0,0.0,0,0.0,1,3.0081,0,0.0,28,1271.2673,52.0,1.0,1.9,0.0,35.0,1.0,10,B,high,text_cluster_plaintext,https://ncdc.gov.ng/themes/common/files/sitreps/b92cb2fa6b913e6a049977d412a98049.pdf,True
Cross River,2024,36,2024-09-02,2024-09-08,September,Calabar Municipal,0,0.0,0,0.0,0,0.0,0,0.0,0,0.0,126,129.8064,52.0,1.0,1.9,0.0,35.0,1.0,6,B,high,text_cluster_plaintext,https://ncdc.gov.ng/themes/common/files/sitreps/b92cb2fa6b913e6a049977d412a98049.pdf,True
Cross River,2024,36,2024-09-02,2024-09-08,September,Yakurr,0,0.0,0,0.0,0,0.0,0,0.0,0,0.0,16,6.0878,52.0,1.0,1.9,0.0,35.0,1.0,53,B,high,text_cluster_plaintext,https://ncdc.gov.ng/themes/common/files/sitreps/b92cb2fa6b913e6a049977d412a98049.pdf,True
Cross River,2024,37,2024-09-09,2024-09-15,September,Bakassi,0,0.0,0,0.0,0,0.0,0,0.0,0,0.0,2,4.1662,52.0,1.0,1.9,0.0,36.0,1.0,5,B,high,text_cluster_plaintext,https://ncdc.gov.ng/themes/common/files/sitreps/bb3359fefc78953c99b460c4f11d4655.pdf,True
Cross River,2024,37,2024-09-09,2024-09-15,September,Biase,0,0.0,0,0.0,0,0.0,1,3.0081,0,0.0,28,1271.2673,52.0,1.0,1.9,0.0,36.0,1.0,10,B,high,text_cluster_plaintext,https://ncdc.gov.ng/themes/common/files/sitreps/bb3359fefc78953c99b460c4f11d4655.pdf,True
Cross River,2024,37,2024-09-09,2024-09-15,September,Calabar Municipal,0,0.0,0,0.0,0,0.0,0,0.0,0,0.0,126,129.8064,52.0,1.0,1.9,0.0,36.0,1.0,6,B,high,text_cluster_plaintext,https://ncdc.gov.ng/themes/common/files/sitreps/bb3359fefc78953c99b460c4f11d4655.pdf,True
Cross River,2024,37,2024-09-09,2024-09-15,September,Yakurr,0,0.0,0,0.0,0,0.0,0,0.0,0,0.0,16,6.0878,52.0,1.0,1.9,0.0,36.0,1.0,53,B,high,text_cluster_plaintext,https://ncdc.gov.ng/themes/common/files/sitreps/bb3359fefc78953c99b460c4f11d4655.pdf,True
Cross River,2024,38,2024-09-16,2024-09-22,September,Bakassi,0,0.0,0,0.0,0,0.0,0,0.0,0,0.0,2,4.1662,54.0,4.0,7.4,2.0,37.0,1.0,5,B,high,text_cluster_plaintext,https://ncdc.gov.ng/themes/common/files/sitreps/26ff8c2ef2a8971b754ea6183c360f46.pdf,True
Cross River,2024,38,2024-09-16,2024-09-22,September,Biase,0,0.0,0,0.0,0,0.0,1,3.0081,0,0.0,28,1271.2673,54.0,4.0,7.4,2.0,37.0,1.0,10,B,high,text_cluster_plaintext,https://ncdc.gov.ng/themes/common/files/sitreps/26ff8c2ef2a8971b754ea6183c360f46.pdf,True
Cross River,2024,38,2024-09-16,2024-09-22,September,Calabar Municipal,0,0.0,0,0.0,0,0.0,0,0.0,0,0.0,126,129.8064,54.0,4.0,7.4,2.0,37.0,1.0,6,B,high,text_cluster_plaintext,https://ncdc.gov.ng/themes/common/files/sitreps/26ff8c2ef2a8971b754ea6183c360f46.pdf,True
Cross River,2024,38,2024-09-16,2024-09-22,September,Yakurr,0,0.0,0,0.0,0,0.0,0,0.0,0,0.0,16,6.0878,54.0,4.0,7.4,2.0,37.0,1.0,53,B,high,text_cluster_plaintext,https://ncdc.gov.ng/themes/common/files/sitreps/26ff8c2ef2a8971b754ea6183c360f46.pdf,True
Cross River,2024,39,2024-09-23,2024-09-29,September,Bakassi,0,0.0,0,0.0,0,0.0,0,0.0,0,0.0,2,4.1662,54.0,1.0,1.9,0.0,38.0,1.0,5,B,high,text_cluster_plaintext,https://ncdc.gov.ng/themes/common/files/sitreps/b58818569b47a3a71970b3635abee00a.pdf,False
Cross River,2024,39,2024-09-23,2024-09-29,September,Biase,0,0.0,0,0.0,0,0.0,0,0.0,0,0.0,28,1271.2673,54.0,1.0,1.9,0.0,38.0,1.0,10,B,high,text_cluster_plaintext,https://ncdc.gov.ng/themes/common/files/sitreps/b58818569b47a3a71970b3635abee00a.pdf,False
Cross River,2024,39,2024-09-23,2024-09-29,September,Calabar Municipal,0,0.0,0,0.0,0,0.0,0,0.0,0,0.0,126,129.8064,54.0,1.0,1.9,0.0,38.0,1.0,6,B,high,text_cluster_plaintext,https://ncdc.gov.ng/themes/common/files/sitreps/b58818569b47a3a71970b3635abee00a.pdf,False
Cross River,2024,39,2024-09-23,2024-09-29,September,Yakurr,0,0.0,0,0.0,0,0.0,0,0.0,0,0.0,16,6.0878,54.0,1.0,1.9,0.0,38.0,1.0,53,B,high,text_cluster_plaintext,https://ncdc.gov.ng/themes/common/files/sitreps/b58818569b47a3a71970b3635abee00a.pdf,False
